"view_history","rt","trialid","procedure","trial_type","trial_index","time_elapsed","internal_node_id","stimulus","response","question_order"
"[{""page_index"":0,""viewing_time"":341}]","341","ExperimentsIssues_000","ExperimentsIssues","instructions","4","1385","0.0-6.0","","",""
"","1573.7000000001863","ExperimentsIssues_001","ExperimentsIssues","survey-multi-choice","5","2961","0.0-7.0","{""Q0"":""From what you have heard, how often there are issues in experimental protocols? Issues can range from spelling errors in the protocol to errors in the experimental design that prevent from doing desired analysis.""}","{""Q0"":"" Never""}","[0]"
"","1056.2999999998137","ExperimentsIssues_003","ExperimentsIssues","survey-multi-choice","6","4020","0.0-9.0-0.0","{""Q0"":""Are you a God?""}","{""Q0"":"" No, but my Research assistant is""}","[0]"
"","1586.300000000745","ExperimentsIssues_005","ExperimentsIssues","survey-multi-choice","7","5608","0.0-11.0","{""Q0"":""What is your level of experience?""}","{""Q0"":"" Postdoc or non-ternure track Academic""}","[0]"
