"view_history","rt","trialid","procedure","trial_type","trial_index","time_elapsed","internal_node_id","stimulus","response","question_order"
"[{""page_index"":0,""viewing_time"":444}]","445","ExperimentsIssues_000","ExperimentsIssues","instructions","4","1881","0.0-6.0","","",""
"","1954.2999999998137","ExperimentsIssues_001","ExperimentsIssues","survey-multi-choice","5","3836","0.0-7.0","{""Q0"":""From what you have heard, how often there are issues in experimental protocols? Issues can range from spelling errors in the protocol to errors in the experimental design that prevent from doing desired analysis.""}","{""Q0"":"" Always""}","[0]"
"","1909.5","ExperimentsIssues_002","ExperimentsIssues","survey-multi-select","6","5751","0.0-8.0-0.0","{""Q0"":""Which of the following issues happened to your friend. In a experimental protocol or survey where data was collected in the lab or online""}","{""Q0"":[""&nbsp;Important content errors"",""&nbsp;Other""]}","[0]"
"","796","ExperimentsIssues_004","ExperimentsIssues","survey-text","7","6550","0.0-10.0-0.0","{""Q0"":""What kind of errors did you have (if more than one, separate them by ;)""}","{""Q0"":""HpdWj8ehSivFSwy7TYu8zw5VOuRpjoOg0p0CubNR2yQxtdycKLOm2kfAGVfylZqBGpgE28DTCi0NV0a9MemYE55If0CvvjKVkccD""}",""
"","938.2000000001863","ExperimentsIssues_005","ExperimentsIssues","survey-multi-choice","8","7490","0.0-11.0","{""Q0"":""What is your level of experience?""}","{""Q0"":"" Early Career Academic""}","[0]"
