"view_history","rt","trialid","procedure","trial_type","trial_index","time_elapsed","internal_node_id","stimulus","response","question_order"
"[{""page_index"":0,""viewing_time"":379}]","379","ExperimentsIssues_000","ExperimentsIssues","instructions","4","1563","0.0-6.0","","",""
"","1121.5999999996275","ExperimentsIssues_001","ExperimentsIssues","survey-multi-choice","5","2687","0.0-7.0","{""Q0"":""From what you have heard, how often there are issues in experimental protocols? Issues can range from spelling errors in the protocol to errors in the experimental design that prevent from doing desired analysis.""}","{""Q0"":"" Always""}","[0]"
"","1615.5","ExperimentsIssues_002","ExperimentsIssues","survey-multi-select","6","4307","0.0-8.0-0.0","{""Q0"":""Which of the following issues happened to your friend. In a experimental protocol or survey where data was collected in the lab or online""}","{""Q0"":[""&nbsp;Some variables or questions asked to participants but not used in the analysis/paper""]}","[0]"
"","1159.2999999998137","ExperimentsIssues_005","ExperimentsIssues","survey-multi-choice","7","5468","0.0-11.0","{""Q0"":""What is your level of experience?""}","{""Q0"":"" Early Career Academic""}","[0]"
