"view_history","rt","trialid","procedure","trial_type","trial_index","time_elapsed","internal_node_id","stimulus","response","question_order"
"[{""page_index"":0,""viewing_time"":354}]","354","ExperimentsIssues_000","ExperimentsIssues","instructions","4","1883","0.0-6.0","","",""
"","1272","ExperimentsIssues_001","ExperimentsIssues","survey-multi-choice","5","3156","0.0-7.0","{""Q0"":""From what you have heard, how often there are issues in experimental protocols? Issues can range from spelling errors in the protocol to errors in the experimental design that prevent from doing desired analysis.""}","{""Q0"":"" Sometimes""}","[0]"
"","1554.1000000005588","ExperimentsIssues_002","ExperimentsIssues","survey-multi-select","6","4713","0.0-8.0-0.0","{""Q0"":""Which of the following issues happened to your friend. In a experimental protocol or survey where data was collected in the lab or online""}","{""Q0"":[""&nbsp;Spelling errors"",""&nbsp;Data not what we expected"",""&nbsp;My friends do not have errors in their protocols"",""&nbsp;Other""]}","[0]"
"","610","ExperimentsIssues_004","ExperimentsIssues","survey-text","7","5327","0.0-10.0-0.0","{""Q0"":""What kind of errors did you have (if more than one, separate them by ;)""}","{""Q0"":""fNQqNuGCDutHQGVM7IAVNB6qA1ZEN9YHXyhUTFWzxQFzBk3BddfPNQ3IyBodMHi59tz""}",""
"","646.2999999998137","ExperimentsIssues_005","ExperimentsIssues","survey-multi-choice","8","5974","0.0-11.0","{""Q0"":""What is your level of experience?""}","{""Q0"":"" Student (Master, PhD,...)""}","[0]"
