"view_history","rt","trialid","procedure","trial_type","trial_index","time_elapsed","internal_node_id","stimulus","response","question_order"
"[{""page_index"":0,""viewing_time"":347}]","347","ExperimentsIssues_000","ExperimentsIssues","instructions","4","1485","0.0-6.0","","",""
"","1375.1000000005588","ExperimentsIssues_001","ExperimentsIssues","survey-multi-choice","5","2862","0.0-7.0","{""Q0"":""From what you have heard, how often there are issues in experimental protocols? Issues can range from spelling errors in the protocol to errors in the experimental design that prevent from doing desired analysis.""}","{""Q0"":"" Often""}","[0]"
"","1859.6000000005588","ExperimentsIssues_002","ExperimentsIssues","survey-multi-select","6","4726","0.0-8.0-0.0","{""Q0"":""Which of the following issues happened to your friend. In a experimental protocol or survey where data was collected in the lab or online""}","{""Q0"":[""&nbsp;Errors in the coding of items"",""&nbsp;Data preparation was harder than it could have been""]}","[0]"
"","936.2999999998137","ExperimentsIssues_005","ExperimentsIssues","survey-multi-choice","7","5664","0.0-11.0","{""Q0"":""What is your level of experience?""}","{""Q0"":"" Senior academic""}","[0]"
