"view_history","rt","trialid","procedure","trial_type","trial_index","time_elapsed","internal_node_id","stimulus","response","question_order"
"[{""page_index"":0,""viewing_time"":567}]","567","ExperimentsIssues_000","ExperimentsIssues","instructions","4","2037","0.0-6.0","","",""
"","1557.7999999998137","ExperimentsIssues_001","ExperimentsIssues","survey-multi-choice","5","3597","0.0-7.0","{""Q0"":""From what you have heard, how often there are issues in experimental protocols? Issues can range from spelling errors in the protocol to errors in the experimental design that prevent from doing desired analysis.""}","{""Q0"":"" Sometimes""}","[0]"
"","2039.5999999996275","ExperimentsIssues_002","ExperimentsIssues","survey-multi-select","6","5642","0.0-8.0-0.0","{""Q0"":""Which of the following issues happened to your friend. In a experimental protocol or survey where data was collected in the lab or online""}","{""Q0"":[""&nbsp;Some variables or questions asked to participants but not used in the analysis/paper"",""&nbsp;My friends do not have errors in their protocols"",""&nbsp;Other""]}","[0]"
"","768","ExperimentsIssues_004","ExperimentsIssues","survey-text","7","6414","0.0-10.0-0.0","{""Q0"":""What kind of errors did you have (if more than one, separate them by ;)""}","{""Q0"":""Z8qxtWofgjiI3nq5z67pHiqVNFTTdZkyon""}",""
"","919.7000000001863","ExperimentsIssues_005","ExperimentsIssues","survey-multi-choice","8","7335","0.0-11.0","{""Q0"":""What is your level of experience?""}","{""Q0"":"" Senior academic""}","[0]"
