"view_history","rt","trialid","procedure","trial_type","trial_index","time_elapsed","internal_node_id","stimulus","response","question_order"
"[{""page_index"":0,""viewing_time"":239}]","240","ExperimentsIssues_000","ExperimentsIssues","instructions","4","1119","0.0-6.0","","",""
"","866.6000000005588","ExperimentsIssues_001","ExperimentsIssues","survey-multi-choice","5","1986","0.0-7.0","{""Q0"":""From what you have heard, how often there are issues in experimental protocols? Issues can range from spelling errors in the protocol to errors in the experimental design that prevent from doing desired analysis.""}","{""Q0"":"" Sometimes""}","[0]"
"","1129.0999999996275","ExperimentsIssues_002","ExperimentsIssues","survey-multi-select","6","3118","0.0-8.0-0.0","{""Q0"":""Which of the following issues happened to your friend. In a experimental protocol or survey where data was collected in the lab or online""}","{""Q0"":[""&nbsp;Data not what we expected""]}","[0]"
"","594.5","ExperimentsIssues_005","ExperimentsIssues","survey-multi-choice","7","3713","0.0-11.0","{""Q0"":""What is your level of experience?""}","{""Q0"":"" Early Career Academic""}","[0]"
