"view_history","rt","trialid","procedure","trial_type","trial_index","time_elapsed","internal_node_id","stimulus","response","question_order"
"[{""page_index"":0,""viewing_time"":516}]","516","ExperimentsIssues_000","ExperimentsIssues","instructions","4","1689","0.0-6.0","","",""
"","1419.2000000001863","ExperimentsIssues_001","ExperimentsIssues","survey-multi-choice","5","3109","0.0-7.0","{""Q0"":""From what you have heard, how often there are issues in experimental protocols? Issues can range from spelling errors in the protocol to errors in the experimental design that prevent from doing desired analysis.""}","{""Q0"":"" Often""}","[0]"
"","1829.5","ExperimentsIssues_002","ExperimentsIssues","survey-multi-select","6","4943","0.0-8.0-0.0","{""Q0"":""Which of the following issues happened to your friend. In a experimental protocol or survey where data was collected in the lab or online""}","{""Q0"":[""&nbsp;Errors in participants balancing to conditions"",""&nbsp;Data preparation was harder than it could have been"",""&nbsp;Match between hypotheses and data not clear"",""&nbsp;Some variables or questions asked to participants but not used in the analysis/paper"",""&nbsp;Other""]}","[0]"
"","819","ExperimentsIssues_004","ExperimentsIssues","survey-text","7","5766","0.0-10.0-0.0","{""Q0"":""What kind of errors did you have (if more than one, separate them by ;)""}","{""Q0"":""HTUHr6EkNv6F8Ooazmce6si8KInToC7uVUKDs7CsM2mkiG8EG2dshdpnN9uwqPUEAc1H8msjTkbmjGy9EeRZQuRUs3q8G9""}",""
"","970.4000000003725","ExperimentsIssues_005","ExperimentsIssues","survey-multi-choice","8","6738","0.0-11.0","{""Q0"":""What is your level of experience?""}","{""Q0"":"" Postdoc or non-ternure track Academic""}","[0]"
