"view_history","rt","trialid","procedure","trial_type","trial_index","time_elapsed","internal_node_id","stimulus","response","question_order"
"[{""page_index"":0,""viewing_time"":393}]","393","ExperimentsIssues_000","ExperimentsIssues","instructions","4","1456","0.0-6.0","","",""
"","1264.5999999996275","ExperimentsIssues_001","ExperimentsIssues","survey-multi-choice","5","2722","0.0-7.0","{""Q0"":""From what you have heard, how often there are issues in experimental protocols? Issues can range from spelling errors in the protocol to errors in the experimental design that prevent from doing desired analysis.""}","{""Q0"":"" Never""}","[0]"
"","671.7000000001863","ExperimentsIssues_003","ExperimentsIssues","survey-multi-choice","6","3395","0.0-9.0-0.0","{""Q0"":""Are you a God?""}","{""Q0"":"" Of course""}","[0]"
"","920.5","ExperimentsIssues_005","ExperimentsIssues","survey-multi-choice","7","4317","0.0-11.0","{""Q0"":""What is your level of experience?""}","{""Q0"":"" Early Career Academic""}","[0]"
