"view_history","rt","trialid","procedure","trial_type","trial_index","time_elapsed","internal_node_id","stimulus","response","question_order"
"[{""page_index"":0,""viewing_time"":864}]","864","ExperimentsIssues_000","ExperimentsIssues","instructions","4","3272","0.0-6.0","","",""
"","6485.200000000186","ExperimentsIssues_001","ExperimentsIssues","survey-multi-choice","5","9760","0.0-7.0","{""Q0"":""From what you have heard, how often there are issues in experimental protocols? Issues can range from spelling errors in the protocol to errors in the experimental design that prevent from doing desired analysis.""}","{""Q0"":"" Always""}","[0]"
"","3887.7000000001863","ExperimentsIssues_002","ExperimentsIssues","survey-multi-select","6","13657","0.0-8.0-0.0","{""Q0"":""Which of the following issues happened to your friend. In a experimental protocol or survey where data was collected in the lab or online""}","{""Q0"":[""&nbsp;Errors in the coding of items"",""&nbsp;Data not what we expected"",""&nbsp;Some variables or questions asked to participants but not used in the analysis/paper"",""&nbsp;Other""]}","[0]"
"","1076","ExperimentsIssues_004","ExperimentsIssues","survey-text","7","14739","0.0-10.0-0.0","{""Q0"":""What kind of errors did you have (if more than one, separate them by ;)""}","{""Q0"":""ruPSIbXtBmvxz0BuJxpjrnI9jpbqzObkxfXKq04Rfh""}",""
"","1119.5999999996275","ExperimentsIssues_005","ExperimentsIssues","survey-multi-choice","8","15860","0.0-11.0","{""Q0"":""What is your level of experience?""}","{""Q0"":"" Postdoc or non-ternure track Academic""}","[0]"
