"view_history","rt","trialid","procedure","trial_type","trial_index","time_elapsed","internal_node_id","stimulus","response","question_order"
"[{""page_index"":0,""viewing_time"":352}]","352","ExperimentsIssues_000","ExperimentsIssues","instructions","4","1579","0.0-6.0","","",""
"","1453.5","ExperimentsIssues_001","ExperimentsIssues","survey-multi-choice","5","3034","0.0-7.0","{""Q0"":""From what you have heard, how often there are issues in experimental protocols? Issues can range from spelling errors in the protocol to errors in the experimental design that prevent from doing desired analysis.""}","{""Q0"":"" Often""}","[0]"
"","1665.3999999994412","ExperimentsIssues_002","ExperimentsIssues","survey-multi-select","6","4704","0.0-8.0-0.0","{""Q0"":""Which of the following issues happened to your friend. In a experimental protocol or survey where data was collected in the lab or online""}","{""Q0"":[""&nbsp;Errors in participants balancing to conditions"",""&nbsp;Data not what we expected"",""&nbsp;Errors so bad that my friend had to start over"",""&nbsp;My friends do not have errors in their protocols""]}","[0]"
"","845.8999999994412","ExperimentsIssues_005","ExperimentsIssues","survey-multi-choice","7","5551","0.0-11.0","{""Q0"":""What is your level of experience?""}","{""Q0"":"" Postdoc or non-ternure track Academic""}","[0]"
