"view_history","rt","trialid","procedure","trial_type","trial_index","time_elapsed","internal_node_id","stimulus","response","question_order"
"[{""page_index"":0,""viewing_time"":344}]","344","ExperimentsIssues_000","ExperimentsIssues","instructions","4","1415","0.0-6.0","","",""
"","1246.5","ExperimentsIssues_001","ExperimentsIssues","survey-multi-choice","5","2663","0.0-7.0","{""Q0"":""From what you have heard, how often there are issues in experimental protocols? Issues can range from spelling errors in the protocol to errors in the experimental design that prevent from doing desired analysis.""}","{""Q0"":"" Always""}","[0]"
"","2135.7999999998137","ExperimentsIssues_002","ExperimentsIssues","survey-multi-select","6","4804","0.0-8.0-0.0","{""Q0"":""Which of the following issues happened to your friend. In a experimental protocol or survey where data was collected in the lab or online""}","{""Q0"":[""&nbsp;Spelling errors"",""&nbsp;Errors in the coding of items"",""&nbsp;Data not what we expected"",""&nbsp;Data preparation was harder than it could have been"",""&nbsp;Match between hypotheses and data not clear"",""&nbsp;Some variables or questions asked to participants but not used in the analysis/paper"",""&nbsp;Errors so bad that my friend had to start over"",""&nbsp;My friends do not have errors in their protocols"",""&nbsp;Other""]}","[0]"
"","678","ExperimentsIssues_004","ExperimentsIssues","survey-text","7","5484","0.0-10.0-0.0","{""Q0"":""What kind of errors did you have (if more than one, separate them by ;)""}","{""Q0"":""rwjSqqZSszA0RMYhv00sPTRTUIbEicqByRYvoBOAwPxr""}",""
"","765.2999999998137","ExperimentsIssues_005","ExperimentsIssues","survey-multi-choice","8","6250","0.0-11.0","{""Q0"":""What is your level of experience?""}","{""Q0"":"" Early Career Academic""}","[0]"
