"view_history","rt","trialid","procedure","trial_type","trial_index","time_elapsed","internal_node_id","stimulus","response","question_order"
"[{""page_index"":0,""viewing_time"":378}]","378","ExperimentsIssues_000","ExperimentsIssues","instructions","4","1550","0.0-6.0","","",""
"","1348.8999999994412","ExperimentsIssues_001","ExperimentsIssues","survey-multi-choice","5","2900","0.0-7.0","{""Q0"":""From what you have heard, how often there are issues in experimental protocols? Issues can range from spelling errors in the protocol to errors in the experimental design that prevent from doing desired analysis.""}","{""Q0"":"" Always""}","[0]"
"","1955.6000000005588","ExperimentsIssues_002","ExperimentsIssues","survey-multi-select","6","4859","0.0-8.0-0.0","{""Q0"":""Which of the following issues happened to your friend. In a experimental protocol or survey where data was collected in the lab or online""}","{""Q0"":[""&nbsp;Spelling errors"",""&nbsp;Errors in participants balancing to conditions"",""&nbsp;Data not what we expected"",""&nbsp;Data preparation was harder than it could have been"",""&nbsp;Match between hypotheses and data not clear"",""&nbsp;Other""]}","[0]"
"","652","ExperimentsIssues_004","ExperimentsIssues","survey-text","7","5512","0.0-10.0-0.0","{""Q0"":""What kind of errors did you have (if more than one, separate them by ;)""}","{""Q0"":""yHKwHDSIQfr1apqJV""}",""
"","778.2999999998137","ExperimentsIssues_005","ExperimentsIssues","survey-multi-choice","8","6292","0.0-11.0","{""Q0"":""What is your level of experience?""}","{""Q0"":"" Postdoc or non-ternure track Academic""}","[0]"
