"view_history","rt","trialid","procedure","trial_type","trial_index","time_elapsed","internal_node_id","stimulus","response","question_order"
"[{""page_index"":0,""viewing_time"":284}]","284","ExperimentsIssues_000","ExperimentsIssues","instructions","4","1195","0.0-6.0","","",""
"","1042.4000000003725","ExperimentsIssues_001","ExperimentsIssues","survey-multi-choice","5","2239","0.0-7.0","{""Q0"":""From what you have heard, how often there are issues in experimental protocols? Issues can range from spelling errors in the protocol to errors in the experimental design that prevent from doing desired analysis.""}","{""Q0"":"" Sometimes""}","[0]"
"","1354.199999999255","ExperimentsIssues_002","ExperimentsIssues","survey-multi-select","6","3596","0.0-8.0-0.0","{""Q0"":""Which of the following issues happened to your friend. In a experimental protocol or survey where data was collected in the lab or online""}","{""Q0"":[""&nbsp;Match between hypotheses and data not clear"",""&nbsp;Some variables or questions asked to participants but not used in the analysis/paper"",""&nbsp;Errors so bad that my friend had to start over""]}","[0]"
"","844.2000000001863","ExperimentsIssues_005","ExperimentsIssues","survey-multi-choice","7","4441","0.0-11.0","{""Q0"":""What is your level of experience?""}","{""Q0"":"" Student (Master, PhD,...)""}","[0]"
