"view_history","rt","trialid","procedure","trial_type","trial_index","time_elapsed","internal_node_id","stimulus","response","question_order"
"[{""page_index"":0,""viewing_time"":410}]","410","ExperimentsIssues_000","ExperimentsIssues","instructions","4","1592","0.0-6.0","","",""
"","1555.9000000003725","ExperimentsIssues_001","ExperimentsIssues","survey-multi-choice","5","3150","0.0-7.0","{""Q0"":""From what you have heard, how often there are issues in experimental protocols? Issues can range from spelling errors in the protocol to errors in the experimental design that prevent from doing desired analysis.""}","{""Q0"":"" Always""}","[0]"
"","2197.800000000745","ExperimentsIssues_002","ExperimentsIssues","survey-multi-select","6","5353","0.0-8.0-0.0","{""Q0"":""Which of the following issues happened to your friend. In a experimental protocol or survey where data was collected in the lab or online""}","{""Q0"":[""&nbsp;Errors in the coding of items"",""&nbsp;Data not what we expected"",""&nbsp;Match between hypotheses and data not clear""]}","[0]"
"","1294.7999999998137","ExperimentsIssues_005","ExperimentsIssues","survey-multi-choice","7","6650","0.0-11.0","{""Q0"":""What is your level of experience?""}","{""Q0"":"" Senior academic""}","[0]"
