"view_history","rt","trialid","procedure","trial_type","trial_index","time_elapsed","internal_node_id","stimulus","response","question_order"
"[{""page_index"":0,""viewing_time"":421}]","421","ExperimentsIssues_000","ExperimentsIssues","instructions","4","1774","0.0-6.0","","",""
"","1443.699999999255","ExperimentsIssues_001","ExperimentsIssues","survey-multi-choice","5","3220","0.0-7.0","{""Q0"":""From what you have heard, how often there are issues in experimental protocols? Issues can range from spelling errors in the protocol to errors in the experimental design that prevent from doing desired analysis.""}","{""Q0"":"" Rarely""}","[0]"
"","1668.9000000003725","ExperimentsIssues_002","ExperimentsIssues","survey-multi-select","6","4894","0.0-8.0-0.0","{""Q0"":""Which of the following issues happened to your friend. In a experimental protocol or survey where data was collected in the lab or online""}","{""Q0"":[""&nbsp;Data preparation was harder than it could have been"",""&nbsp;Errors so bad that my friend had to start over""]}","[0]"
"","814","ExperimentsIssues_005","ExperimentsIssues","survey-multi-choice","7","5709","0.0-11.0","{""Q0"":""What is your level of experience?""}","{""Q0"":"" Senior academic""}","[0]"
