"view_history","rt","trialid","procedure","trial_type","trial_index","time_elapsed","internal_node_id","stimulus","response","question_order"
"[{""page_index"":0,""viewing_time"":573}]","574","ExperimentsIssues_000","ExperimentsIssues","instructions","5","5958","0.0-6.0","","",""
"","2085.699999999255","ExperimentsIssues_001","ExperimentsIssues","survey-multi-choice","6","8048","0.0-7.0","{""Q0"":""From what you have heard, how often there are issues in experimental protocols? Issues can range from spelling errors in the protocol to errors in the experimental design that prevent from doing desired analysis.""}","{""Q0"":"" Always""}","[0]"
"","3098.699999999255","ExperimentsIssues_002","ExperimentsIssues","survey-multi-select","7","11155","0.0-8.0-0.0","{""Q0"":""Which of the following issues happened to your friend. In a experimental protocol or survey where data was collected in the lab or online""}","{""Q0"":[""&nbsp;Errors in the coding of items"",""&nbsp;Match between hypotheses and data not clear"",""&nbsp;Errors so bad that my friend had to start over"",""&nbsp;My friends do not have errors in their protocols"",""&nbsp;Other""]}","[0]"
"","1196","ExperimentsIssues_004","ExperimentsIssues","survey-text","8","12355","0.0-10.0-0.0","{""Q0"":""What kind of errors did you have (if more than one, separate them by ;)""}","{""Q0"":""vizfp43KBX8HdRwEMVi""}",""
