"view_history","rt","trialid","procedure","trial_type","trial_index","time_elapsed","internal_node_id","stimulus","response","question_order"
"[{""page_index"":0,""viewing_time"":482}]","483","ExperimentsIssues_000","ExperimentsIssues","instructions","5","5292","0.0-6.0","","",""
"","1443","ExperimentsIssues_001","ExperimentsIssues","survey-multi-choice","6","6738","0.0-7.0","{""Q0"":""From what you have heard, how often there are issues in experimental protocols? Issues can range from spelling errors in the protocol to errors in the experimental design that prevent from doing desired analysis.""}","{""Q0"":"" Rarely""}","[0]"
"","2362.10000000149","ExperimentsIssues_002","ExperimentsIssues","survey-multi-select","7","9106","0.0-8.0-0.0","{""Q0"":""Which of the following issues happened to your friend. In a experimental protocol or survey where data was collected in the lab or online""}","{""Q0"":[""&nbsp;Errors in participants balancing to conditions"",""&nbsp;Data not what we expected"",""&nbsp;Data preparation was harder than it could have been"",""&nbsp;Some variables or questions asked to participants but not used in the analysis/paper"",""&nbsp;Errors so bad that my friend had to start over"",""&nbsp;Other""]}","[0]"
"","1109","ExperimentsIssues_004","ExperimentsIssues","survey-text","8","10218","0.0-10.0-0.0","{""Q0"":""What kind of errors did you have (if more than one, separate them by ;)""}","{""Q0"":""ulMxulcFhnsmaFrGGvRcvQI3cDoNiyFpO""}",""
