"view_history","rt","trialid","procedure","trial_type","trial_index","time_elapsed","internal_node_id","stimulus","response","question_order"
"[{""page_index"":0,""viewing_time"":543}]","543","ExperimentsIssues_000","ExperimentsIssues","instructions","5","5349","0.0-6.0","","",""
"","1557.300000000745","ExperimentsIssues_001","ExperimentsIssues","survey-multi-choice","6","6910","0.0-7.0","{""Q0"":""From what you have heard, how often there are issues in experimental protocols? Issues can range from spelling errors in the protocol to errors in the experimental design that prevent from doing desired analysis.""}","{""Q0"":"" Often""}","[0]"
"","3291.599999997765","ExperimentsIssues_002","ExperimentsIssues","survey-multi-select","7","10208","0.0-8.0-0.0","{""Q0"":""Which of the following issues happened to your friend. In a experimental protocol or survey where data was collected in the lab or online""}","{""Q0"":[""&nbsp;Spelling errors"",""&nbsp;Important content errors"",""&nbsp;Errors in the coding of items"",""&nbsp;Errors in participants balancing to conditions"",""&nbsp;Data preparation was harder than it could have been"",""&nbsp;Match between hypotheses and data not clear"",""&nbsp;Some variables or questions asked to participants but not used in the analysis/paper"",""&nbsp;Errors so bad that my friend had to start over"",""&nbsp;Other""]}","[0]"
"","921","ExperimentsIssues_004","ExperimentsIssues","survey-text","8","11136","0.0-10.0-0.0","{""Q0"":""What kind of errors did you have (if more than one, separate them by ;)""}","{""Q0"":""WMoL3uYPr9uqxrmyOuUEu""}",""
