"view_history","rt","trialid","procedure","trial_type","trial_index","time_elapsed","internal_node_id","stimulus","response","question_order"
"[{""page_index"":0,""viewing_time"":616}]","617","ExperimentsIssues_000","ExperimentsIssues","instructions","5","5896","0.0-6.0","","",""
"","1876.699999999255","ExperimentsIssues_001","ExperimentsIssues","survey-multi-choice","6","7777","0.0-7.0","{""Q0"":""From what you have heard, how often there are issues in experimental protocols? Issues can range from spelling errors in the protocol to errors in the experimental design that prevent from doing desired analysis.""}","{""Q0"":"" Sometimes""}","[0]"
"","2902.2000000029802","ExperimentsIssues_002","ExperimentsIssues","survey-multi-select","7","10736","0.0-8.0-0.0","{""Q0"":""Which of the following issues happened to your friend. In a experimental protocol or survey where data was collected in the lab or online""}","{""Q0"":[""&nbsp;Spelling errors"",""&nbsp;Important content errors"",""&nbsp;Errors in the coding of items"",""&nbsp;Errors in participants balancing to conditions"",""&nbsp;Data not what we expected"",""&nbsp;Data preparation was harder than it could have been"",""&nbsp;Match between hypotheses and data not clear"",""&nbsp;My friends do not have errors in their protocols"",""&nbsp;Other""]}","[0]"
"","1268","ExperimentsIssues_004","ExperimentsIssues","survey-text","8","12008","0.0-10.0-0.0","{""Q0"":""What kind of errors did you have (if more than one, separate them by ;)""}","{""Q0"":""YorHgQQrslYVY9XaAvw3StSRqgKdrfNYK5xio3F7JLcsCeg3""}",""
