"view_history","rt","trialid","procedure","trial_type","trial_index","time_elapsed","internal_node_id","stimulus","response","question_order"
"[{""page_index"":0,""viewing_time"":873}]","873","ExperimentsIssues_000","ExperimentsIssues","instructions","5","6466","0.0-6.0","","",""
"","3073.5","ExperimentsIssues_001","ExperimentsIssues","survey-multi-choice","6","9549","0.0-7.0","{""Q0"":""From what you have heard, how often there are issues in experimental protocols? Issues can range from spelling errors in the protocol to errors in the experimental design that prevent from doing desired analysis.""}","{""Q0"":"" Rarely""}","[0]"
"","4134.300000000745","ExperimentsIssues_002","ExperimentsIssues","survey-multi-select","7","13699","0.0-8.0-0.0","{""Q0"":""Which of the following issues happened to your friend. In a experimental protocol or survey where data was collected in the lab or online""}","{""Q0"":[""&nbsp;Data not what we expected"",""&nbsp;Data preparation was harder than it could have been"",""&nbsp;Other""]}","[0]"
"","2277","ExperimentsIssues_004","ExperimentsIssues","survey-text","8","15989","0.0-10.0-0.0","{""Q0"":""What kind of errors did you have (if more than one, separate them by ;)""}","{""Q0"":""0uxLQZ8O46hw3f37DqF5VFxjTQu7g1XVwhOEnlrljFkvd4v0TesL2NIucC7kvPxSBQ6eAk3XGQ0pVZ""}",""
